{
    "0": [
        "end()",
        "完全终止脚本引擎的运行。"
    ],
    "1": [
        "playerShow(int who)",
        "显示玩家的角色立绘。"
    ],
    "2": [
        "bossShow(int who)",
        "让敌人的角色立绘出现。"
    ],
    "3": [
        "textboxShow()",
        "显示对话框。"
    ],
    "4": [
        "playerHide()",
        "隐藏玩家的角色立绘。"
    ],
    "5": [
        "bossHide(int who)",
        "隐藏一个敌人的角色立绘。"
    ],
    "6": [
        "textboxHide()",
        "隐藏对话框（以及上面的所有文本）。"
    ],
    "7": [
        "speakerPlayer()",
        "表明当前说话的是玩家。"
    ],
    "8": [
        "speakerBoss(int who)",
        "表明当前说话的是敌人。"
    ],
    "9": [
        "speakerNone()",
        "表明当前没有人说话（旁白）。"
    ],
    "10": [
        "skippable(int skippable)",
        "设置一个布尔标志位。当此标志为1时，文本可以被快速跳过。"
    ],
    "11": [
        "textPause(int max_frames)",
        "等待玩家按下射击键，最多等待指定的帧数。"
    ],
    "12": [
        "eclResume()",
        "恢复所有正在等待MSG脚本的ECL脚本的运行。常用于通知Boss何时入场。"
    ],
    "13": [
        "playerFace(int face_index)",
        "设置玩家的面部表情。参数会作为索引添加到玩家基础表情的ANM脚本索引上。"
    ],
    "14": [
        "bossFace(int who, int face_index)",
        "设置一个敌人的面部表情。参数会作为索引添加到敌人基础表情的ANM脚本索引上。"
    ],
    "15": [
        "textLine1(string text)",
        "设置对话的第一行文本。（已弃用）"
    ],
    "16": [
        "textLine2(string text)",
        "设置对话的第二行文本。（已弃用）"
    ],
    "17": [
        "textAdd(string text)",
        "设置下一行要显示的对话文本。"
    ],
    "18": [
        "textClear()",
        "清除对话框中的所有文本。"
    ],
    "19": [
        "musicBoss()",
        "触发Boss战音乐，并显示BGM标题。"
    ],
    "20": [
        "intro(int who)",
        "显示敌人的名字和称号。"
    ],
    "21": [
        "stageEnd()",
        "奖励关卡分数并开始下一关（或结束关卡练习）。"
    ],
    "22": [
        "musicEnd()",
        "在关卡结束时淡出音乐。"
    ],
    "23": [
        "playerShake()",
        "让玩家的立绘像荷取一样短暂地摇晃。"
    ],
    "24": [
        "bossShake()",
        "让所有敌人的立绘像荷取一样短暂地摇晃。"
    ],
    "25": [
        "textOffsetY(int dy)",
        "为所有文本的位置添加一个垂直方向的偏移量。"
    ],
    "26": [
        "ins_26()",
        "设置一个未知的标志位为1。（功能未知）"
    ],
    "27": [
        "musicFade(float duration)",
        "在指定的时间段内淡出音乐。"
    ],
    "28": [
        "bubblePos(float x, float y)",
        "设置对话气泡的位置。"
    ],
    "29": [
        "bubbleType(int value)",
        "设置对话气泡的类型。"
    ],
    "30": [
        "routeSelect()",
        "用于 GFW（刚欲异闻）第一关，让玩家选择第二关的路线。"
    ],
    "31": [
        "ins_31(int unused)",
        "未知指令。仅在 TD (神灵庙) 第四关使用，参数似乎未使用。"
    ],
    "32": [
        "ins_32(int side)",
        "未知指令。仅在 DDC (辉针城) Extra关卡使用。"
    ],
    "33": [
        "portraitDarken(int side, int who)",
        "在不改变当前说话者的情况下，将单个立绘变暗。"
    ],
    "34": [
        "portraitHighlight(int side, int who)",
        "在不改变当前说话者的情况下，高亮单个立绘，使其看起来像在说话。"
    ],
    "35": [
        "lightsOut()",
        "用黑色覆盖关卡背景和敌人。用于 HSiFS (天空璋) 琪露诺第四关的结尾。"
    ]
}